name,longitude,latitude,governorate
Schmitt - Jacobi,244,94,Cairo
Haley Group,361,111,Cairo
Wilkinson - Fahey,145,20,Cairo
Marks - Rice,180,83,Cairo
Ruecker Group,451,162,Cairo
Hauck - Strosin,405,207,Cairo
"Emmerich, Kerluke and Adams",166,100,Cairo
Gerlach - Berge,87,261,Cairo
Walter and Sons,319,314,Cairo
"Marks, O'Hara and Schroeder",415,297,Cairo
Beahan and Sons,63,224,Cairo
"Larson, Jast and Wiegand",303,250,Cairo
"Hauck, Adams and Durgan",49,69,Cairo
"Yundt, Goldner and Renner",475,18,Cairo
Witting Group,316,295,Cairo
"Corwin, Wiegand and Mertz",149,214,Cairo
"Schultz, O'Connell and Koelpin",25,438,Cairo
Ella Robel,182,240,Cairo
Randal Olson,139,368,Cairo
Chet Boehm,175,267,Cairo
Maurice Macejkovic MD,216,481,Cairo
Reanna Vandervort MD,263,469,Cairo
Miss Dorothy Jacobi,171,363,Cairo
Cristopher Hand,160,126,Cairo
Tiffany Davis,354,401,Cairo
Merlin Nolan,385,249,Cairo
Alvera Kirlin,426,384,Cairo
Deonte Kohler,454,246,Cairo
Marisa Boyer,329,233,Cairo
Elyssa Tremblay III,238,323,Cairo
Noelia Walter,164,179,Cairo
Carrie Mitchell,134,468,Cairo
Mrs. Carli Hoppe,165,470,Cairo
Ervin Grady,325,36,Cairo
Ruth Schmeler,177,419,Cairo
Erin Lakin,26,12,Cairo
Hildegard Parisian,235,398,Cairo
Mr. Patience Torphy,37,307,Cairo
Burnice Stamm,330,350,Cairo
Adelle Koepp,478,418,Cairo
Eunice Schiller,284,241,Cairo
Braun LLC,949,685,Giza
Muller Group,967,756,Giza
"Torphy, Mertz and Christiansen",919,650,Giza
Gottlieb LLC,948,1000,Giza
Skiles - Heller,606,929,Giza
Baumbach - Wolf,741,971,Giza
Morar - Lueilwitz,947,617,Giza
Kreiger and Sons,619,578,Giza
"Kuhic, Bosco and Lueilwitz",779,875,Giza
"Erdman, Barton and Johnson",767,627,Giza
O'Kon - Rolfson,735,543,Giza
Rutherford LLC,556,835,Giza
McGlynn - Hintz,876,534,Giza
Bahringer - Schmidt,580,740,Giza
Reichel - Farrell,663,985,Giza
Tromp Inc,651,793,Giza
Larson - Romaguera,986,671,Giza
Brenna Hickle,831,783,Giza
Miss Emery Gibson,905,803,Giza
Aylin Metz,717,859,Giza
Dell Koepp,847,753,Giza
Phoebe Kuhn I,765,674,Giza
Dino Runte,591,696,Giza
Ottis Considine V,680,722,Giza
Esmeralda Champlin IV,843,970,Giza
Suzanne Veum,728,693,Giza
Brook Bins,877,618,Giza
Waldo Bahringer,786,507,Giza
Shakira Swaniawski,718,600,Giza
Jayden Kuvalis,639,697,Giza
Kaden Leannon,655,897,Giza
Adrienne Kutch,926,972,Giza
Althea Braun,723,586,Giza
Maxine Ondricka,608,755,Giza
Rachel Spinka,872,937,Giza
Chester Buckridge,851,587,Giza
Reanna Kuhlman MD,584,962,Giza
Ray Klein,974,744,Giza
Yoshiko Prohaska,828,809,Giza
Mr. Nyah Beier,910,751,Giza
Brennan Zboncak,721,839,Giza
Dedric Crist,661,673,Giza
Tad Paucek,945,593,Giza
Linwood Dicki,559,731,Giza
Sigurd Nicolas,510,776,Giza
Eladio Lind,629,658,Giza
Gilbert Kling DVM,901,805,Giza
Mrs. Felicity Hyatt,607,645,Giza
Jaclyn Wilkinson I,978,622,Giza
Remington Zemlak,683,519,Giza
Beulah Pagac,964,562,Giza
Serenity Howell,603,516,Giza
Kennedy Jacobs III,646,858,Giza
Shyann Mayer,748,836,Giza
Martina Hane,846,997,Giza
Gillian Heidenreich,912,841,Giza
Dixie Luettgen,813,641,Giza
Javon Doyle,601,913,Giza
Ms. Darron Shields,530,560,Giza
Fisher and Sons,1234,1343,Alexandria
Bartoletti - Bogisich,1027,1396,Alexandria
Lind - Kertzmann,1283,1226,Alexandria
"Brown, Gerlach and Turcotte",1179,1492,Alexandria
"Cummings, Hauck and Ruecker",1321,1171,Alexandria
"Hagenes, Reilly and Bruen",1102,1129,Alexandria
"Bernier, Pagac and Roob",1402,1262,Alexandria
Rath - Jacobi,1443,1160,Alexandria
"Corwin, Huels and Harris",1378,1368,Alexandria
Harber LLC,1130,1141,Alexandria
Boehm - Stracke,1452,1001,Alexandria
"Walker, Paucek and Aufderhar",1254,1287,Alexandria
Thompson - Schaefer,1095,1177,Alexandria
Lowe Inc,1041,1334,Alexandria
Simonis Inc,1335,1106,Alexandria
Rice - O'Hara,1145,1228,Alexandria
"Streich, Schuppe and Fay",1030,1089,Alexandria
Waelchi - Koepp,1410,1444,Alexandria
Kerluke - Heidenreich,1120,1500,Alexandria
Shanahan - Altenwerth,1143,1024,Alexandria
"Harris, Rath and Casper",1147,1463,Alexandria
"Bayer, Feest and Jaskolski",1295,1391,Alexandria
Dorris Funk,1348,1387,Alexandria
Georgianna Schmeler,1029,1183,Alexandria
Gianni Hansen IV,1227,1245,Alexandria
Dion Weimann,1482,1339,Alexandria
Sid Heathcote,1450,1061,Alexandria
Marjory Abbott,1065,1206,Alexandria
Ashtyn Schultz,1105,1266,Alexandria
Brandon Grady,1023,1057,Alexandria
Mr. Esther Terry,1031,1109,Alexandria
Genevieve Gibson,1337,1426,Alexandria
Twila Heller,1472,1306,Alexandria
Kyler Ledner IV,1154,1114,Alexandria
Darien Towne,1476,1046,Alexandria
Aidan Turner,1442,1436,Alexandria
Tara Walsh,1447,1068,Alexandria
Enos Franey,1151,1314,Alexandria
Kiley Stokes,1231,1229,Alexandria
Raquel Dickinson II,1499,1235,Alexandria
Colton Smith,1164,1152,Alexandria
Cicero Donnelly,1336,1408,Alexandria
Trent Breitenberg,1172,1099,Alexandria
Santa Ankunding,1063,1103,Alexandria
Lukas Waters,1237,1203,Alexandria
Krystel Champlin,1081,1311,Alexandria
Monica Adams,1122,1332,Alexandria
Shemar Volkman,1278,1028,Alexandria
Dora Konopelski,1251,1100,Alexandria
Charity Harber,1155,1305,Alexandria
Stevie Beier,1016,1397,Alexandria
Joyce Abshire,1225,1067,Alexandria
Leola Buckridge,1270,1414,Alexandria
Marcel Bins,1392,1241,Alexandria
Willis Hagenes,1083,1415,Alexandria
Ms. Edmond Gottlieb,1004,1005,Alexandria
